,App,mean,AppClassification
0,10 Best Foods for You,0.470732821,GENUINE
1,104 ÊâæÂ∑•‰Ωú - ÊâæÂ∑•‰Ωú ÊâæÊâìÂ∑• ÊâæÂÖºËÅ∑ Â±•Ê≠∑ÂÅ•Ê™¢ Â±•Ê≠∑Ë®∫ÁôÇÂÆ§,0.392404563,GENUINE
2,11st,0.181294214,GENUINE
3,1800 Contacts - Lens Store,0.318144774,GENUINE
4,1LINE ‚Äì One Line with One Touch,0.1962903,GENUINE
5,2018Emoji Keyboard üòÇ Emoticons Lite -sticker&gif,0.449565972,GENUINE
6,21-Day Meditation Experience,0.258013678,GENUINE
7,"2Date Dating App, Love and matching",0.28026717,GENUINE
8,2GIS: directory & navigator,0.223129043,GENUINE
9,2RedBeans,0.412199179,GENUINE
10,2ndLine - Second Phone Number,0.168968209,GENUINE
11,30 Day Fitness Challenge - Workout at Home,0.333536873,GENUINE
12,365Scores - Live Scores,0.438311688,GENUINE
13,3D Live Neon Weed Launcher,0.568181818,GENUINE
14,4 in a Row,0.281143519,GENUINE
15,4K Wallpapers and Ultra HD Backgrounds,0.179328002,GENUINE
16,591ÊàøÂ±ã‰∫§Êòì-ÁßüÂ±ã„ÄÅ‰∏≠Âè§Â±ã„ÄÅÊñ∞Âª∫Ê°à„ÄÅÂØ¶ÂÉπÁôªÈåÑ„ÄÅÂà•Â¢ÖÈÄèÂ§©„ÄÅÂÖ¨ÂØìÂ•óÊàø„ÄÅÊç∑ÈÅã„ÄÅË≤∑ÊàøË≥£ÊàøË°åÊÉÖ„ÄÅÊàøÂÉπÊàøË≤∏Êü•Ë©¢,0.080792411,GENUINE
17,591ÊàøÂ±ã‰∫§Êòì-È¶ôÊ∏Ø,0.222916667,GENUINE
18,7 Cups: Anxiety & Stress Chat,0.324670139,GENUINE
19,7 Day Food Journal Challenge,0.189411376,GENUINE
20,7 Minute Workout,0.410277778,GENUINE
21,7 Weeks - Habit & Goal Tracker,0.142820136,GENUINE
22,8 Ball Pool,0.001252007,GENUINE
23,850 Sports News Digest,0.542859748,GENUINE
24,8fit Workouts & Meal Planner,0.264864241,GENUINE
25,95Live -SG#1 Live Streaming App,0.069002331,GENUINE
26,A Call From Santa Claus!,0.008293863,GENUINE
27,A Word A Day,0.277272727,GENUINE
28,A&E - Watch Full Episodes of TV Shows,0.353882576,GENUINE
29,A+ Gallery - Photos & Videos,0.208814916,GENUINE
30,A+ Mobile,0.329592262,GENUINE
31,ABC Kids - Tracing & Phonics,0.367770173,GENUINE
32,ABC News - US & World News,-0.042361839,FRAUD
33,ABC Preschool Free,0.22080488,GENUINE
34,ABCmouse.com,0.182503858,GENUINE
35,AC - Tips & News for Android‚Ñ¢,0.098416551,GENUINE
36,ACE Elite,0.252170916,GENUINE
37,"AD - Nieuws, Sport, Regio & Entertainment",0.161823643,GENUINE
38,AMC Theatres,0.135694444,GENUINE
39,ANA,-0.026024765,FRAUD
40,"AOL - News, Mail & Video",0.092181993,GENUINE
41,AP Mobile - Breaking News,0.195115915,GENUINE
42,APE Weather ( Live Forecast),0.432323232,GENUINE
43,"APUS Launcher - Theme, Wallpaper, Hide Apps",0.447473118,GENUINE
44,ARY NEWS,0.233744261,GENUINE
45,ARY NEWS URDU,0.243425802,GENUINE
46,ASOS,0.316916637,GENUINE
47,ASUS Calling Screen,0.063163931,GENUINE
48,ASUS Cover for ZenFone 2,0.076388889,GENUINE
49,ASUS Quick Memo,0.029166667,GENUINE
50,ASUS Sound Recorder,0.516770833,GENUINE
51,ASUS SuperNote,0.192791424,GENUINE
52,"AT&T Navigator: Maps, Traffic",0.071300965,GENUINE
53,AT&T Smart Wi-Fi,0.189548701,GENUINE
54,AT&T Visual Voicemail,0.029975541,GENUINE
55,"AVG Cleaner ‚Äì Speed, Battery & Memory Booster",0.273663719,GENUINE
56,Abs Training-Burn belly fat,0.217418823,GENUINE
57,Account Manager,-0.087635203,FRAUD
58,Accounting App - Zoho Books,0.448664487,GENUINE
59,AccuWeather: Daily Forecast & Live Weather Reports,0.20072331,GENUINE
60,Acorn TV: World-class TV from Britain and Beyond,0.086058391,GENUINE
61,Acorns - Invest Spare Change,0.046666667,GENUINE
62,AdWords Express,0.194843939,GENUINE
63,Ada - Your Health Guide,0.303256293,GENUINE
64,Add Text To Photo,0.229703247,GENUINE
65,Adobe Acrobat Reader,0.155061663,GENUINE
66,Adobe Photoshop Express:Photo Editor Collage Maker,0.185388498,GENUINE
67,Advanced Task Killer,0.138851521,GENUINE
68,Agar.io,-0.060602233,FRAUD
69,Age Calculator,0.131383027,GENUINE
70,Agoda ‚Äì Hotel Booking Deals,0.479530612,GENUINE
71,Air Traffic,0.294640746,GENUINE
72,AirAsia,-0.103606301,FRAUD
73,AirBrush: Easy Photo Editor,0.352049738,GENUINE
74,Airbnb,0.10800454,GENUINE
75,Airport + Flight Tracker Radar,0.089284812,GENUINE
76,Airway Ex - Intubate. Anesthetize. Train.,0.220941901,GENUINE
77,Akinator,-0.01489889,FRAUD
78,AlReader -any text book reader,0.245551185,GENUINE
79,Alarm Clock,0.174667283,GENUINE
80,Alarm Clock Free,0.155761775,GENUINE
81,Alfred Home Security Camera,0.337574242,GENUINE
82,"AliExpress - Smarter Shopping, Better Living",0.038380546,GENUINE
83,All Email Providers,0.215,GENUINE
84,All Events in City,0.50285974,GENUINE
85,All Football - Latest News & Videos,0.432063295,GENUINE
86,"All Football GO- Live Score, Games",0.526515152,GENUINE
87,All Language Translator Free,0.39278355,GENUINE
88,All Maths Formulas,0.354636544,GENUINE
89,All Mental disorders,0.198602464,GENUINE
90,All Social Networks,-0.106410242,FRAUD
91,All Video Downloader 2018,0.382679739,GENUINE
92,"All-In-One Toolbox: Cleaner, Booster, App Manager",0.267335093,GENUINE
93,All-in-One Mahjong 3 FREE,0.5,GENUINE
94,Allegiant,0.233333333,GENUINE
95,Allrecipes Dinner Spinner,0.272999544,GENUINE
96,Alto's Adventure,0.039826942,GENUINE
97,Amazon Drive,0.129849199,GENUINE
98,"Amazon FreeTime ‚Äì Kids‚Äô Videos, Books, & TV shows",0.342534825,GENUINE
99,Amazon Kindle,0.065191867,GENUINE
100,Amazon Prime Video,0.461111111,GENUINE
101,Amazon Shopping,0.182022587,GENUINE
102,Amazon for Tablets,0.101136048,GENUINE
103,American Airlines,-0.075636144,FRAUD
104,Amex Mobile,0.175666326,GENUINE
105,Amino: Communities and Chats,0.047589604,GENUINE
106,Amtrak,-0.028284246,FRAUD
107,Anatomy Learning - 3D Atlas,0.22653245,GENUINE
108,Ancestry,0.272630304,GENUINE
109,AndroZip‚Ñ¢ FREE File Manager,0.117323385,GENUINE
110,"Android Auto - Maps, Media, Messaging & Voice",0.287792304,GENUINE
111,Android Messages,0.071675938,GENUINE
112,Anger of stick 5 : zombie,0.119444444,GENUINE
113,Angry Birds 2,0.0022822,GENUINE
114,Angry Birds Classic,-0.007537395,FRAUD
115,Angry Birds Rio,-0.038924252,FRAUD
116,Animal Planet GO,0.273571429,GENUINE
117,Animated Photo Editor,0.291857143,GENUINE
118,Anime Avatar Creator: Make Your Own Avatar,0.202157715,GENUINE
119,Anime Manga Coloring Book,0.360990767,GENUINE
120,Anthem Anywhere,-0.087977314,FRAUD
121,Anthem BC Anywhere,-0.123233487,FRAUD
122,"Any.do: To-do list, Calendar, Reminders & Planner",0.216037637,GENUINE
123,Apartment Decorating Ideas,0.245,GENUINE
124,"Apartment List: Housing, Apt, and Property Rentals",0.466422872,GENUINE
125,"Apartment, Home Rental Search: Realtor.com Rentals",-0.0037329,FRAUD
126,Apartments & Rentals - Zillow,0.292991686,GENUINE
127,Apartments.com Rental Search,0.072403055,GENUINE
128,Apex Launcher,0.106132749,GENUINE
129,Apk Installer,0.193916947,GENUINE
130,App vault,-0.043535058,FRAUD
131,AppLock,0.01623335,GENUINE
132,AppLock - Fingerprint,0.209939514,GENUINE
133,Apple Daily ËòãÊûúÂãïÊñ∞ËÅû,0.082766059,GENUINE
134,Aprender ingl√©s con Wlingua,0.399621521,GENUINE
135,Archos File Manager,0.115295815,GENUINE
136,Arrow.io,0.080738174,GENUINE
137,Asana: organize team projects,0.230645463,GENUINE
138,Ascape VR: 360¬∞ Virtual Travel,0.150964506,GENUINE
139,Asphalt 8: Airborne,0.004450411,GENUINE
140,Associated Credit Union Mobile,0.388092829,GENUINE
141,Asteroids 3D live wallpaper,0.253524397,GENUINE
142,Atlan3D Navigation: Korea navigator,0.278184198,GENUINE
143,AutoCAD - DWG Viewer & Editor,0.119601195,GENUINE
144,AutoScout24 Switzerland ‚Äì Find your new car,0.416951416,GENUINE
145,Avakin Life - 3D virtual world,0.080859166,GENUINE
146,Aviary Effects: Classic,0.106241194,GENUINE
147,Aviary Stickers: Free Pack,0.065828553,GENUINE
148,Azar,0.068403809,GENUINE
149,Azpen eReader,0.242624224,GENUINE
150,B612 - Beauty & Filter Camera,0.081782128,GENUINE
151,BBC Media Player,-0.028519834,FRAUD
152,BBC News,0.096999044,GENUINE
153,BBC Sport,0.166576553,GENUINE
154,BBM - Free Calls & Messages,0.154423252,GENUINE
155,BBVA Compass Banking,0.205590224,GENUINE
156,BBVA Spain,0.515085706,GENUINE
157,BBW Dating & Curvy Singles Chat- LargeFriends,0.18276633,GENUINE
158,BBW Dating & Plus Size Chat,0.131246685,GENUINE
159,BBWCupid - BBW Dating App,0.126911733,GENUINE
160,BELONG Beating Cancer Together,0.350582873,GENUINE
161,BEST CAR SOUNDS,0.307698608,GENUINE
162,BET NOW - Watch Shows,0.051088076,GENUINE
163,BEYBLADE BURST app,-0.013927396,FRAUD
164,BIG Launcher,0.184986503,GENUINE
165,BLK - Swipe. Match. Chat.,0.307677635,GENUINE
166,BZWBK24 mobile,0.326882552,GENUINE
167,BaBe - Baca Berita,0.186805556,GENUINE
168,BaBe Lite - Baca Berita Hemat Kuota,0.314423077,GENUINE
169,BaBe+ - Berita Indonesia,0.365625,GENUINE
170,Babbel ‚Äì Learn Languages,0.391636153,GENUINE
171,Babbel ‚Äì Learn Spanish,0.309364073,GENUINE
172,Baby ABC in box! Kids alphabet games for toddlers!,0.285775126,GENUINE
173,Baby Monitor,0.274223073,GENUINE
174,Baby Name Together,0.285985628,GENUINE
175,Baby Panda Care,0.172018939,GENUINE
176,Baby Panda Learns Shapes,0.247537001,GENUINE
177,Baby Panda Musical Genius,0.227760252,GENUINE
178,Baby Panda‚Äôs Juice Shop,0.108333333,GENUINE
179,Baby Tiger Care - My Cute Virtual Pet Friend,0.195185185,GENUINE
180,Baby puzzles,0.079499843,GENUINE
181,"Baca- Berita Terbaru, Informasi, Gosip dan Politik",0.244075413,GENUINE
182,Backgrounds (HD Wallpapers),0.264431758,GENUINE
183,Backgrounds HD (Wallpapers),0.353875902,GENUINE
184,BaconReader for Reddit,0.228086323,GENUINE
185,Bad Piggies,0.00794066,GENUINE
186,Badoo - Free Chat & Dating App,0.128489177,GENUINE
187,Bagan - Myanmar Keyboard,0.291199169,GENUINE
188,Banco Ita√∫,0.076545207,GENUINE
189,Banco do Brasil,0.223472673,GENUINE
190,Bancomer m√≥vil,-0.071852521,FRAUD
191,Banfield Pet Health Tracker,0.082540514,GENUINE
192,Bangla Newspaper ‚Äì Prothom Alo,0.16935307,GENUINE
193,Banjo,0.230850212,GENUINE
194,Bank of America Mobile Banking,0.180026829,GENUINE
195,BankMobile Vibe App,0.353454577,GENUINE
196,Banorte Movil,0.116998668,GENUINE
197,Banque Populaire,0.032322092,GENUINE
198,Barbie Life‚Ñ¢,0.162612972,GENUINE
199,Barbie Magical Fashion,0.084732765,GENUINE
200,Barbie‚Ñ¢ Fashion Closet,0.048600289,GENUINE
201,Barclays US for Android,0.017928004,GENUINE
202,Barcode Scanner,0.386270134,GENUINE
203,Baritastic - Bariatric Tracker,0.418276737,GENUINE
204,Baseball Boy!,0.012272397,GENUINE
205,Basketball FRVR - Shoot the Hoop and Slam Dunk!,0.102464286,GENUINE
206,Basketball Stars,0.013905113,GENUINE
207,Bathroom Decorating Ideas,0.362675781,GENUINE
208,Battlelands Royale,0.040406195,GENUINE
209,Be A Legend: Soccer,-0.0992506,FRAUD
210,BeSoccer - Soccer Live Score,0.356768478,GENUINE
211,BeWild Free Dating & Chat App,0.170372213,GENUINE
212,Beautiful Design Birthday Cake,0.27030754,GENUINE
213,Beautiful Widgets Free,0.013460701,GENUINE
214,Beautiful Widgets Pro,0.179418371,GENUINE
215,Beauty Camera - Selfie Camera,0.199993662,GENUINE
216,Beauty Makeup Snappy Collage Photo Editor - Lidow,0.153214286,GENUINE
217,BeautyPlus - Easy Photo Editor & Selfie Camera,0.3,GENUINE
218,Bed Time Fan - White Noise Sleep Sounds,0.78125,GENUINE
219,Best Car Wallpapers,-0.133333333,FRAUD
220,Best Fiends - Free Puzzle Game,0.325,GENUINE
221,Best Ovulation Tracker Fertility Calendar App Glow,0.5953125,GENUINE
222,"Best Wallpapers Backgrounds(100,000+ 4K HD)",0.300429293,GENUINE
223,Best Wallpapers QHD,0.472251446,GENUINE
224,"BestCam Selfie-selfie, beauty camera, photo editor",-0.03798581,FRAUD
225,BetterMe: Weight Loss Workouts,0.292275323,GENUINE
226,Betterment,0.143252198,GENUINE
227,BeyondMenu Food Delivery,0.40874269,GENUINE
228,BeyondPod Podcast Manager,0.112458265,GENUINE
229,Bible,0.363495437,GENUINE
230,Big Days - Events Countdown,0.285413727,GENUINE
231,"BigOven Recipes, Meal Planner, Grocery List & More",0.328222403,GENUINE
232,"BiggerCity: Chat for gay bears, chubs & chasers",0.211675464,GENUINE
233,Bike Computer - GPS Cycling Tracker,0.281978404,GENUINE
234,Binaural Beats Meditation,0.353518105,GENUINE
235,Binaural Beats Therapy,0.283268753,GENUINE
236,BioLife Plasma Services,0.154806166,GENUINE
237,Birdays ‚Äì Birthday reminder,0.355449939,GENUINE
238,Birds Sounds Ringtones & Wallpapers,0.341557018,GENUINE
239,Black People Meet Singles Date,0.249341259,GENUINE
240,Block Puzzle,0.035221354,GENUINE
241,Block Puzzle Classic Legend !,0.150906987,GENUINE
242,Blogaway for Android (Blogger),0.197254489,GENUINE
243,Blogger,0.125125807,GENUINE
244,Bloglovin',0.133952509,GENUINE
245,Blood Donor,0.205221449,GENUINE
246,Blood Pressure,0.44494302,GENUINE
247,Blood Pressure Log - MyDiary,0.325054912,GENUINE
248,Blood Pressure(BP) Diary,0.087683254,GENUINE
249,Bloomberg Professional,-0.023352724,FRAUD
250,Bloomberg: Market & Financial News,0.054705447,GENUINE
251,Blossom Blast Saga,0.005714461,GENUINE
252,BluTV,0.280280736,GENUINE
253,Blur Image Background,0.372717803,GENUINE
254,Blur Image Background Editor (Blur Photo Editor),0.233109946,GENUINE
255,Booking.com Travel Deals,0.014176835,GENUINE
256,Bowmasters,0.061415449,GENUINE
257,Box,0.410000509,GENUINE
258,Boxed Wholesale,0.2870085,GENUINE
259,Boys Photo Editor - Six Pack & Men's Suit,0.283508772,GENUINE
260,Brain Waves - Binaural Beats,0.221731489,GENUINE
261,Branch,0.264229798,GENUINE
262,Brasileir√£o Pro 2018 - S√©rie A e B,0.550872024,GENUINE
263,"Breaking News, Local news, Attacks and Alerts Free",0.217045994,GENUINE
264,Brightest Flashlight Free ¬Æ,0.492571429,GENUINE
265,Brightest LED Flashlight,0.374198909,GENUINE
266,Brilliant,0.241654833,GENUINE
267,Brit + Co,0.123124662,GENUINE
268,British Airways,0.205106164,GENUINE
269,Browser 4G,0.337083612,GENUINE
270,Bualuang mBanking,0.004322019,GENUINE
271,Bubble Shooter,0.25367636,GENUINE
272,Bubble Shooter 2,0.284848485,GENUINE
273,Bubble Shooter Genies,0.047988456,GENUINE
274,Bubble Shooter Space,0.184930556,GENUINE
275,Bubble Witch 3 Saga,0.065384678,GENUINE
276,Buienradar - weer,0.086789473,GENUINE
277,Build a Bridge!,0.08835631,GENUINE
278,Bukalapak - Jual Beli Online,0.009039565,GENUINE
279,BukuBayi - Perkembangan Bayi,0.315157343,GENUINE
280,Burner - Free Phone Number,0.065300926,GENUINE
281,Buscap√© - Ofertas e descontos,0.470833333,GENUINE
282,Business Calendar 2,0.201141113,GENUINE
283,Butterfly Live Wallpaper,0.390275974,GENUINE
284,Buzz Launcher-Smart&Free Theme,0.201344844,GENUINE
285,"BuzzFeed: News, Tasty, Quizzes",0.199296334,GENUINE
286,"B√ÅO M·ªöI - ƒê·ªçc B√°o, Tin T·ª©c 24h",0.108282086,GENUINE
287,C Programming,0.276800067,GENUINE
288,C++ Programming,0.196451049,GENUINE
289,C++ Tutorials,0.530925926,GENUINE
290,CAIXA,-0.089014844,FRAUD
291,CALCU‚Ñ¢ Stylish Calculator Free,0.352598162,GENUINE
292,CATS: Crash Arena Turbo Stars,0.028953155,GENUINE
293,CBS News,0,
294,"CBS Sports App - Scores, News, Stats & Watch Live",0.163907086,GENUINE
295,CBS Sports Fantasy,0.248502364,GENUINE
296,CDL Practice Test 2018 Edition,0.241125992,GENUINE
297,CIA - Caller ID & Call Blocker,0.217814626,GENUINE
298,"CM Browser - Ad Blocker , Fast Download , Privacy",0.0125,GENUINE
299,"CM Flashlight (Compass, SOS)",0.55625,GENUINE
300,"CM Launcher 3D - Theme, Wallpapers, Efficient",0.282478956,GENUINE
301,CM Locker - Security Lockscreen,0.240054523,GENUINE
302,CMB Free Dating App,0.29175712,GENUINE
303,CNBC: Breaking Business News & Live Market Data,0.247703764,GENUINE
304,CNN Breaking US & World News,0.057347889,GENUINE
305,COOKING MAMA Let's Cook!,0.218922087,GENUINE
306,CVS Caremark,0.191908023,GENUINE
307,CW Seed,0.305569334,GENUINE
308,CWT To Go,0.286751253,GENUINE
309,Cache Cleaner-DU Speed Booster (booster & cleaner),0.278521097,GENUINE
310,Caf - Mon Compte,0.1,GENUINE
311,"Calculator - free calculator, multi calculator app",-0.0375,FRAUD
312,Calculator - unit converter,0.183333333,GENUINE
313,Calculator Plus Free,0.166666667,GENUINE
314,Calculator with Percent (Free),0.031972789,GENUINE
315,Calendar Widget Month + Agenda,0.15,GENUINE
316,Calendar+ Schedule Planner App,0.319070513,GENUINE
317,Call Blocker,0.027972583,GENUINE
318,Call Control - Call Blocker,-0.041666667,FRAUD
319,Call of Duty:Black Ops Zombies,-0.162119502,FRAUD
320,"CallApp: Caller ID, Blocker & Phone Call Recorder",0.390740741,GENUINE
321,Caller ID +,0.35,GENUINE
322,Calls & Text by Mo+,0.466666667,GENUINE
323,Calls Blacklist - Call Blocker,0.124162338,GENUINE
324,"Calm - Meditate, Sleep, Relax",0.289524201,GENUINE
325,Calorie Counter & Diet Tracker,0.229177692,GENUINE
326,Calorie Counter - EasyFit free,0.348028718,GENUINE
327,Calorie Counter - Macros,0.247518682,GENUINE
328,Calorie Counter - MyFitnessPal,0.215673515,GENUINE
329,Calorie Counter - MyNetDiary,0.375841996,GENUINE
330,Cameringo Lite. Filters Camera,0.770269097,GENUINE
331,Candy Bomb,0.327403199,GENUINE
332,"Candy Camera - selfie, beauty camera, photo editor",0.19527792,GENUINE
333,Candy Crush Jelly Saga,-0.092334358,FRAUD
334,Candy Crush Saga,0.031067865,GENUINE
335,Candy Crush Soda Saga,-0.057079366,FRAUD
336,Candy Day,0.192464364,GENUINE
337,Candy Pop Story,0.042415148,GENUINE
338,Candy Smash,0.157267361,GENUINE
339,"Candy selfie - photo editor, live filter camera",0.372797619,GENUINE
340,"Canva: Poster, banner, card maker & graphic design",0.204839569,GENUINE
341,Canvas Student,0.125,GENUINE
342,Cat Sim Online: Play with Cats,0.180896093,GENUINE
343,Caviar - Food Delivery,0.217374781,GENUINE
344,Chakra Cleansing,0.424735187,GENUINE
345,Championat,0.198448064,GENUINE
346,Chapters: Interactive Stories,0.149045066,GENUINE
347,Chase Mobile,0.048165997,GENUINE
348,"Chat Rooms, Avatars, Date - Galaxy",0.138052486,GENUINE
349,ChatVideo Meet new people,0.231919826,GENUINE
350,Cheap Flights & Hotels momondo,0.183775576,GENUINE
351,Cheap hotel deals and discounts ‚Äî Hotellook,0.256417379,GENUINE
352,"CheapTickets ‚Äì Hotels, Flights & Travel Deals",0.294198942,GENUINE
353,Cheapflights ‚Äì Flight Search,0.421912393,GENUINE
354,CheckPoints üèÜ Rewards App,0.276380163,GENUINE
355,Checkers ‚úîÔ∏è,0.064834681,GENUINE
356,Checkout 51: Grocery coupons,0.130486146,GENUINE
357,Choice Hotels,0.298789683,GENUINE
358,Choices: Stories You Play,0.033678402,GENUINE
359,Christian Dating For Free App,0.098026033,GENUINE
360,Chrome Beta,0.231625172,GENUINE
361,Chrome Dev,0.333793361,GENUINE
362,Cinemark Theatres,0.070155407,GENUINE
363,Cisco Webex Meetings,0.103577025,GENUINE
364,Cisco Webex Teams,0.129418125,GENUINE
365,Citi Mobile¬Æ,-0.038730655,FRAUD
366,Citibanamex Movil,0.150061448,GENUINE
367,Citizens Bank Mobile Banking,0.013179055,GENUINE
368,CityMaps2Go Plan Trips Travel Guide Offline Maps,0.317095779,GENUINE
369,Claro,-0.072081845,FRAUD
370,Clash Royale,0.069157109,GENUINE
371,Clash of Clans,0.036755682,GENUINE
372,Color Flashlight,0.175833333,GENUINE
373,Color Road,-0.059356757,FRAUD
374,Color Touch Effects,0.115720421,GENUINE
375,Color by Number - Draw Sandbox Pixel Art,0.139556355,GENUINE
376,Color by Number ‚Äì New Coloring Book,0.168856336,GENUINE
377,ColorFil - Adult Coloring Book,0.18612149,GENUINE
378,ColorNote Notepad Notes,0.275654565,GENUINE
379,ColorSnap¬Æ Visualizer,0.024391026,GENUINE
380,Colorfit - Drawing & Coloring,0.171835953,GENUINE
381,Colorful Glitter Neon Butterfly Keyboard Theme,0.20640625,GENUINE
382,Colorfy: Coloring Book for Adults - Free,0.046784879,GENUINE
383,Coloring & Learn,0.413822269,GENUINE
384,Coloring book moana,0.152651515,GENUINE
385,Comedy Central,0.171423766,GENUINE
386,Common Core,-0.00881078,FRAUD
387,Comptia A+ 220-901 & 220-902,0.500792282,GENUINE
388,ConnectLine,0.138011629,GENUINE
389,Contacts,0.01224871,GENUINE
390,Contacts+,0.410814583,GENUINE
391,Content Transfer,0.163047282,GENUINE
392,ConvertPad - Unit Converter,0.223449729,GENUINE
393,Cookbook Recipes,0.565437038,GENUINE
394,Cooking Channel,0.364018944,GENUINE
395,Cooking Fever,-0.042331443,FRAUD
396,Cooking Madness - A Chef's Restaurant Games,0.013550645,GENUINE
397,Cookpad,0.257436768,GENUINE
398,Cool Popular Ringtones 2018 üî•,0.203484881,GENUINE
399,Cool Reader,0.115840792,GENUINE
400,Couch to 10K Running Trainer,0.337378791,GENUINE
401,Couch to 5K by RunDouble,0.277326422,GENUINE
402,Couchsurfing Travel App,0.247289373,GENUINE
403,Cougar Dating Life : Date Older Women Sugar Mummy,0.324570282,GENUINE
404,Couple - Relationship App,0.304422962,GENUINE
405,Credit Karma,0.27005168,GENUINE
406,Credit Sesame,0.088667386,GENUINE
407,CreditWise from Capital One,0.239454294,GENUINE
408,Crew - Free Messaging and Scheduling,0.417331952,GENUINE
409,Cricbuzz - Live Cricket Scores & News,0.097012014,GENUINE
410,Cricket Visual Voicemail,0.062002592,GENUINE
411,Crossy Road,0.215851281,GENUINE
412,Crunchyroll - Everything Anime,0.177510033,GENUINE
413,Current debit card and app made for teens,0.327258373,GENUINE
414,Curriculum vitae App CV Builder Free Resume Maker,0.393703482,GENUINE
415,Curso de Ingles Gratis,0.499902402,GENUINE
416,Cut the Rope 2,0.148275436,GENUINE
417,Cut the Rope FULL FREE,0.013067754,GENUINE
418,Cycling - Bike Tracker,0.352146825,GENUINE
419,"Cymera Camera- Photo Editor, Filter,Collage,Layout",0.419417735,GENUINE
420,Czech Public Transport IDOS,0.251074907,GENUINE
421,DC Comics,0.478809474,GENUINE
422,DC Super Hero Girls‚Ñ¢,0.334009024,GENUINE
423,DEAD TARGET: FPS Zombie Apocalypse Survival Games,0.066818261,GENUINE
424,DEER HUNTER 2018,-0.383333333,FRAUD
425,DELISH KITCHEN - ÁÑ°Êñô„É¨„Ç∑„ÉîÂãïÁîª„ÅßÊñôÁêÜ„ÇíÊ•Ω„Åó„Åè„ÉªÁ∞°Âçò„Å´ÔºÅ,0.387272222,GENUINE
426,DINO HUNTER: DEADLY SHORES,0.022312568,GENUINE
427,DIY Garden Ideas,0.444044118,GENUINE
428,DIY On A Budget,0.448062641,GENUINE
429,DMV Permit Practice Test 2018 Edition,0.295660321,GENUINE
430,DRAGON BALL LEGENDS,0.09954934,GENUINE
431,DSLR Camera Hd Ultra Professional,0.076951754,GENUINE
432,DStv Now,0.023143659,GENUINE
433,DU Browser‚ÄîBrowse fast & fun,0.177266098,GENUINE
434,"DU Recorder ‚Äì Screen Recorder, Video Editor, Live",0.224186917,GENUINE
435,Daily Workouts - Exercise Fitness Routine Trainer,0.8,GENUINE
436,Daily Yoga - Yoga Fitness Plans,0.257017647,GENUINE
437,"Dailyhunt (Newshunt) - Latest News, Viral Videos",-0.066145833,FRAUD
438,Dairy Queen,0.189409722,GENUINE
439,Daniel Tiger for Parents,0.27962963,GENUINE
440,DashClock Widget,0.033333333,GENUINE
441,Dashlane Free Password Manager,0.170753968,GENUINE
442,"Dating App, Flirt & Chat : W-Match",0.301666667,GENUINE
443,Dating for 50 plus Mature Singles ‚Äì FINALLY,0.332539683,GENUINE
444,Daum Mail - Îã§Ïùå Î©îÏùº,0.266,GENUINE
445,Davis's Drug Guide,-0.1,FRAUD
446,Davis's Drug Guide for Nurses,0.314814815,GENUINE
447,Debonairs Pizza,0.046527778,GENUINE
448,"Delivery Club‚Äì–î–æ—Å—Ç–∞–≤–∫–∞ –µ–¥—ã:–ø–∏—Ü—Ü–∞,—Å—É—à–∏,–±—É—Ä–≥–µ—Ä,—Å–∞–ª–∞—Ç",0.075767657,GENUINE
449,Delta Dental,-0.084184772,FRAUD
450,Despegar.com Hoteles y Vuelos,0.26372965,GENUINE
451,Detector de Radares Gratis,0.428585393,GENUINE
452,Device Help,0.096395738,GENUINE
453,Diabetes & Diet Tracker,0.363627311,GENUINE
454,Diabetes:M,0.317967904,GENUINE
455,Diamond Zipper Lock Screen,0.159730392,GENUINE
456,Diary with lock,0.283763341,GENUINE
457,Diary with lock password,0.292266842,GENUINE
458,Dictionary - Merriam-Webster,0.238731061,GENUINE
459,Die TK-App ‚Äì alles im Griff,0.164370223,GENUINE
460,Digg,0.042700315,GENUINE
461,DigiCal Calendar Agenda,0.168212704,GENUINE
462,Digit Save Money Automatically,0.250246309,GENUINE
463,Digital Alarm Clock,0.341073291,GENUINE
464,Dil Mil,-0.063482439,FRAUD
465,Dino War: Rise of Beasts,0.05913701,GENUINE
466,Dinosaur Simulator: Dino World,-0.013141026,FRAUD
467,Discover Mobile,-0.041666667,FRAUD
468,Disney Heroes: Battle Mode,-0.005,FRAUD
469,Disney Magic Kingdoms: Build Your Own Magical Park,0.087029655,GENUINE
470,DisneyNOW ‚Äì TV Shows & Games,0.203991959,GENUINE
471,Divar,0.188340691,GENUINE
472,Do It Later: Tasks & To-Dos,0.168202261,GENUINE
473,Docs To Go‚Ñ¢ Free Office Suite,0.206290785,GENUINE
474,Doctor On Demand,0.388429922,GENUINE
475,Doctor Pets,0.168802083,GENUINE
476,Dog Licks Screen Wallpaper,0.225250304,GENUINE
477,Dog Run - Pet Dog Simulator,0.137098554,GENUINE
478,Dog Sim Online: Raise a Family,0.175294237,GENUINE
479,Domino's Pizza USA,0.209078642,GENUINE
480,Dominos Game ‚úîÔ∏è,0.023215534,GENUINE
481,"Domofond –ù–µ–¥–≤–∏–∂–∏–º–æ—Å—Ç—å. –ö—É–ø–∏—Ç—å, —Å–Ω—è—Ç—å –∫–≤–∞—Ä—Ç–∏—Ä—É.",0.165341931,GENUINE
482,Doodle Jump,0.113630003,GENUINE
483,Door Lock Screen,0.516621642,GENUINE
484,DoorDash - Food Delivery,0.072407103,GENUINE
485,Dosecast - Medication Reminder,0.299149561,GENUINE
486,Down Dog: Great Yoga Anywhere,0.291847264,GENUINE
487,Dr. Oetker Rezeptideen,0.312025298,GENUINE
488,Dr. Panda & Toto's Treehouse,0.180236683,GENUINE
489,Dr. Panda Restaurant 3,-0.097467771,FRAUD
490,Dr. Panda Town: Vacation,0.09280715,GENUINE
491,DraftKings - Daily Fantasy Sports,0.312333554,GENUINE
492,Dragon Hills,0.040340518,GENUINE
493,Draw A Stickman,-0.15,FRAUD
494,Draw In,-0.134166667,FRAUD
495,Draw Your Game,-0.668489583,FRAUD
496,Draw a Stickman: EPIC 2,0.1,GENUINE
497,Drawing for Kids Learning Games for Toddlers age 3,0.386666667,GENUINE
498,Dream League Soccer 2018,-0.000518078,FRAUD
499,DreamTrips,0.371276778,GENUINE
500,DreamWorks Friends,-0.001788083,FRAUD
501,Dresses Ideas & Fashions +3000,0.430603448,GENUINE
502,Droid Zap by Motorola,-0.040537383,FRAUD
503,DroidAdmin for Android - Advice,0.126175214,GENUINE
504,Dropbox,0.236330525,GENUINE
505,Drugs.com Medication Guide,0.247353579,GENUINE
506,Dude Perfect 2,0.116902356,GENUINE
507,Dumb Ways to Die 2: The Games,0.027208249,GENUINE
508,Dungeon Hunter Champions: Epic Online Action RPG,-0.034255808,FRAUD
509,Dunkin' Donuts,0.19655993,GENUINE
510,Duolingo: Learn Languages Free,0.200407738,GENUINE
511,DuraSpeed,-0.034044012,FRAUD
512,E*TRADE Mobile,0.153273414,GENUINE
513,"Easy - taxi, car, ridesharing",0.297310528,GENUINE
514,Easy Hair Style Design,0.490203704,GENUINE
515,Easy Healthy Recipes,0.445762474,GENUINE
516,Easy Installer - Apps On SD,-0.009110334,FRAUD
517,Easy Makeup Tutorials,0.281971375,GENUINE
518,Easy Origami Ideas,0.099452614,GENUINE
519,Easy Recipes,0.270538194,GENUINE
520,Easy Voice Recorder,0.435837052,GENUINE
521,EasyBib: Citation Generator,0.071831662,GENUINE
522,Eat Fit - Diet and Health Free,0.245044147,GENUINE
523,Eat24 Food Delivery & Takeout,0.171610521,GENUINE
524,EatStreet Food Delivery App,0.383265303,GENUINE
525,"Ebates: Cash Back, Coupons, Rewards & Savings",0.225387095,GENUINE
526,Ebook Reader,0.342532488,GENUINE
527,Ecobank Mobile Banking,-0.014860032,FRAUD
528,Edmodo,0.404155535,GENUINE
529,Educational Games 4 Kids,0.194359526,GENUINE
530,Educational Games for Kids,0.306556437,GENUINE
531,El tiempo de AEMET,0.187514043,GENUINE
532,English with Lingualeo,0.135168651,GENUINE
533,English-Myanmar Dictionary,0.393513424,GENUINE
534,Entel,0.018577117,GENUINE
535,Enterprise Rent-A-Car,0.25567818,GENUINE
536,Episode - Choose Your Story,0.080273774,GENUINE
537,Epocrates Plus,0.299594697,GENUINE
538,Equestria Girls,0.043808377,GENUINE
539,Essential Anatomy 3,0.225516303,GENUINE
540,Essential Resources,0.281419623,GENUINE
541,Etsy: Handmade & Vintage Goods,0.305483143,GENUINE
542,Etta Homes,0.344622507,GENUINE
543,Eurosport,0.049044557,GENUINE
544,"Eve Period Tracker - Love, Sex & Relationships App",0.505036708,GENUINE
545,"Even - organize your money, get paid early",0.283928571,GENUINE
546,"Evernote ‚Äì Organizer, Planner for Notes & Memos",0.084090239,GENUINE
547,Evie Launcher,0.277928232,GENUINE
548,ExDialer - Dialer & Contacts,0.271352799,GENUINE
549,"Expedia Hotels, Flights & Car Rental Travel Deals",0.092992156,GENUINE
550,Expense IQ Money Manager,0.227506189,GENUINE
551,Experian - Free Credit Report,0.170504371,GENUINE
552,Extreme Car Driving Simulator,-0.073611111,FRAUD
553,Extreme Coupon Finder,0.071214215,GENUINE
554,Extreme Match,0.194464549,GENUINE
555,Extreme Racing 2 - Real driving RC cars game!,0.023667328,GENUINE
556,EyeCloud,0.117178554,GENUINE
557,EyeEm - Camera & Photo Filter,0.338065394,GENUINE
558,EzCalculator,0.377769969,GENUINE
559,FBReader: Favorite Book Reader,0.277704811,GENUINE
560,FERZU - Furries Social Network,0.081865322,GENUINE
561,"FIFA - Tournaments, Soccer News & Live Scores",0.068258223,GENUINE
562,FINAL FANTASY BRAVE EXVIUS,0.070815486,GENUINE
563,FOSSIL Q: DESIGN YOUR DIAL,0.239766988,GENUINE
564,FOX,0.213984025,GENUINE
565,FOX NOW - On Demand & Live TV,0.048090236,GENUINE
566,"FOX Sports: Live Streaming, Scores & News",0.3132563,GENUINE
567,FREEDOME VPN Unlimited anonymous Wifi Security,0.313636364,GENUINE
568,"FUN Keyboard ‚Äì Emoji Keyboard, Sticker,Theme & GIF",0.25675,GENUINE
569,"Fabulous: Motivate Me! Meditate, Relax, Sleep",0.191995942,GENUINE
570,"Face Filter, Selfie Editor - Sweet Camera",0.194281046,GENUINE
571,Facebook,-0.007002902,FRAUD
572,Facebook Ads Manager,0.203400536,GENUINE
573,Facebook Lite,-0.000991088,FRAUD
574,Facebook Local,0.133641698,GENUINE
575,Facebook Pages Manager,-0.061082729,FRAUD
576,Facetune - Ad Free,0.432060566,GENUINE
577,Fake Call - Fake Caller ID,0.297794173,GENUINE
578,Fallout Shelter,0.170232149,GENUINE
579,Family Album Mitene: Private Photo & Video Sharing,0.432587584,GENUINE
580,Family Dollar,0.248165881,GENUINE
581,Family GPS Tracker and Chat + Baby Monitor Online,0.417435114,GENUINE
582,Family GPS tracker KidControl + GPS by SMS Locator,0.211203097,GENUINE
583,Family Locator - GPS Tracker,0.358575352,GENUINE
584,FamilySearch Tree,0.20932583,GENUINE
585,FanDuel: Daily Fantasy Sports,0.287083497,GENUINE
586,Fancy Widgets,0.214213515,GENUINE
587,Fandango Movies - Times + Tickets,0.142601889,GENUINE
588,Fantasy Football,0.062580633,GENUINE
589,Fantasy Football & NFL News,0.421241158,GENUINE
590,Fantasy Football Manager (FPL),0.299870979,GENUINE
591,Farm Fruit Pop: Party Time,0.165027722,GENUINE
592,Farm Heroes Saga,-0.011810532,FRAUD
593,Farming Simulator 14,0.058127922,GENUINE
594,Farming Simulator 18,0.064467132,GENUINE
595,Fashion in Vogue,0.055325657,GENUINE
596,Fast News,0.346303419,GENUINE
597,Fast Scanner : Free PDF Scan,0.313063161,GENUINE
598,Fast Secure VPN,0.179100113,GENUINE
599,"FastMeet: Chat, Dating, Love",0.344173401,GENUINE
600,Fat Burning Workout - Home Weight lose,0.17526901,GENUINE
601,Fate/Grand Order (English),0.060880931,GENUINE
602,FidMe Loyalty Cards & Deals at Grocery Supermarket,0.220267611,GENUINE
603,File Browser by Astro (File Manager),0.111991793,GENUINE
604,File Explorer,0.259582816,GENUINE
605,File Manager,0.061832817,GENUINE
606,File Manager -- Take Command of Your Files Easily,0.214646465,GENUINE
607,Files Go by Google: Free up space on your phone,0.130682331,GENUINE
608,FilterGrid - Cam&Photo Editor,0.092639945,GENUINE
609,Filters for B Live,0.168017677,GENUINE
610,Filters for Selfie,0.09912037,GENUINE
611,Final Fantasy XV: A New Empire,-0.023527279,FRAUD
612,Financial Times,0.184639791,GENUINE
613,Find Dining Restaurant Finder,0.33946793,GENUINE
614,Find a Way: Addictive Puzzle,0.069630233,GENUINE
615,Find&Save - Local Shopping,0.090959877,GENUINE
616,FindShip,0.100448975,GENUINE
617,Firefox Browser fast & private,0.110142019,GENUINE
618,Firefox Focus: The privacy browser,0.209248589,GENUINE
619,Fishdom,0.059514849,GENUINE
620,Fitbit,0.245554654,GENUINE
621,Flashlight,0.405400085,GENUINE
622,Flashlight & LED Torch,0.249733333,GENUINE
623,Flashlight - Torch LED Light,0.404525132,GENUINE
624,Flashlight HD LED,0.452203998,GENUINE
625,Flickr,0.177432491,GENUINE
626,Flight & Hotel Booking App - ixigo,0.341024531,GENUINE
627,Flightradar24 Flight Tracker,0.196624729,GENUINE
628,Flights,0.140565164,GENUINE
629,Flip the Gun - Simulator Game,-0.008393065,FRAUD
630,FlipaClip - Cartoon animation,0.41264881,GENUINE
631,Flipboard: News For Our Time,0.385865003,GENUINE
632,Flipkart Online Shopping App,0.291526361,GENUINE
633,Flipp - Weekly Shopping,0.323672078,GENUINE
634,Flippy Campus - Buy & sell on campus at a discount,0.395283932,GENUINE
635,FlirtChat - ‚ô•Free Dating/Flirting App‚ô•,0.420992579,GENUINE
636,Floor Plan Creator,0.264615476,GENUINE
637,Flow Free,0.070768627,GENUINE
638,Flowers Live Wallpaper,0.205179063,GENUINE
639,Fly Delta,0.143252371,GENUINE
640,FollowMyHealth¬Æ,0.189427671,GENUINE
641,Font Studio- Photo Texts Image,0.081459209,GENUINE
642,Food Calorie Calculator,0.097972803,GENUINE
643,Food Network,0.028354858,GENUINE
644,Fooducate Healthy Weight Loss & Calorie Counter,0.354216923,GENUINE
645,"Foot Mercato : transferts, r√©sultats, news, live",0.361637346,GENUINE
646,Football Live Scores,0.405025889,GENUINE
647,ForecaWeather,0.360906765,GENUINE
648,Fortune City - A Finance App,0.266966183,GENUINE
649,Four In A Line,0.274848757,GENUINE
650,Four In A Line Free,0.202368019,GENUINE
651,Foursquare City Guide,0.20027868,GENUINE
652,Foursquare Swarm: Check In,-0.062339839,FRAUD
653,Fox Business,0.088826741,GENUINE
654,"Fox News ‚Äì Breaking News, Live Video & News Alerts",0.021842716,GENUINE
655,Fraction Calculator Plus Free,0.372640925,GENUINE
656,Free & Premium VPN - FinchVPN,0.217668851,GENUINE
657,Free Dating & Flirt Chat - Choice of Love,0.032965368,GENUINE
658,Free Dating App & Flirt Chat - Cheers,0.301926294,GENUINE
659,Free Dating App & Flirt Chat - Match with Singles,0.33969697,GENUINE
660,Free Dating App - Meet Local Singles - Flirt Chat,-0.050325833,FRAUD
661,"Free Dating App - YoCutie - Flirt, Chat & Meet",0.117836201,GENUINE
662,Free Dating Hook Up Messenger,0.147288453,GENUINE
663,Free Foreclosure Real Estate Search by USHUD.com,-0.038367286,FRAUD
664,Free Hypnosis,0.275794903,GENUINE
665,Free Live Talk-Video Call,-0.1,FRAUD
666,Free Panda Radio Music,0.25,GENUINE
667,Free Sports TV,0.167318583,GENUINE
668,"Free TV Shows App:News, TV Series, Episode, Movies",0.271555322,GENUINE
669,Free VIN Report for Used Cars,0.308574747,GENUINE
670,Free live weather on screen,0.394258611,GENUINE
671,"Free phone calls, free texting SMS on free number",0.229604202,GENUINE
672,FreePrints ‚Äì Free Photos Delivered,0.446181108,GENUINE
673,Freeletics: Personal Trainer & Fitness Workouts,0.274250682,GENUINE
674,Freeme Launcher‚ÄîStylish Theme,0.3185,GENUINE
675,Fresh EBT - Food Stamp Balance,0.159727405,GENUINE
676,FreshBooks Classic,0.100529893,GENUINE
677,Frontback - Social Photos,0.207096486,GENUINE
678,Frozen Free Fall,0.0601057,GENUINE
679,Fruit Block - Puzzle Legend,-0.183333333,FRAUD
680,Fruit Ninja¬Æ,0.154794547,GENUINE
681,Fruits Bomb,0.205323353,GENUINE
682,Fuelio: Gas log & costs,0.440864868,GENUINE
683,Full Screen Caller ID,0.345576124,GENUINE
684,Fun Kid Racing,0.269738292,GENUINE
685,Fun Kid Racing - Motocross,0.190795455,GENUINE
686,Funny Alarm Clock Ringtones,0.10838064,GENUINE
687,Funny Pics,0.15368272,GENUINE
688,Fuzzy Seasons: Animal Forest,0.168933226,GENUINE
689,G Cloud Backup,0.284191981,GENUINE
690,GANMA! - „Ç™„É™„Ç∏„Éä„É´Êº´Áîª„ÅåÂÖ®Ë©±ÁÑ°Êñô„ÅßË™≠„ÅøÊîæÈ°å,0.291670458,GENUINE
691,"GCash - Buy Load, Pay Bills, Send Money",0.027082441,GENUINE
692,GMAT Math Flashcards,0.412735997,GENUINE
693,GMAT Question Bank,0.268899924,GENUINE
694,GMX Mail,0.340047078,GENUINE
695,"GO Keyboard - Cute Emojis, Themes and GIFs",0.223900862,GENUINE
696,"GO Keyboard - Emoticon keyboard, Free Theme, GIF",0.307440422,GENUINE
697,GO Notifier,0.067519589,GENUINE
698,"GO SMS Pro - Messenger, Free Themes, Emoji",0.202488276,GENUINE
699,"GO Weather - Widget, Theme, Wallpaper, Efficient",0.333400027,GENUINE
700,GPS Map Free,0.7,GENUINE
701,GPS Speedometer and Odometer,0.6875,GENUINE
702,"GPS Speedometer, Distance Meter",0.368895089,GENUINE
703,GPS Status & Toolbox,0.398073696,GENUINE
704,GPS Traffic Speedcam Route Planner by ViaMichelin,0.272477883,GENUINE
705,GRE Flashcards,0.262055287,GENUINE
706,GRE Prep & Practice by Magoosh,0.388015713,GENUINE
707,GRE Tutor,0.408694639,GENUINE
708,GS SHOP,0.239181287,GENUINE
709,GUNSHIP BATTLE: Helicopter 3D,0.022225918,GENUINE
710,Galactic Core Free Wallpaper,0.247567568,GENUINE
711,Galaxy Attack: Alien Shooter,0.077289751,GENUINE
712,Game of Thrones: Conquest‚Ñ¢,0.198888889,GENUINE
713,"Gametime - Tickets to Sports, Concerts, Theater",0.379740097,GENUINE
714,Garden Coloring Book,0.268482894,GENUINE
715,Garden Fruit Legend,0.242788462,GENUINE
716,Garden Photo Frames - Garden Photo Editor,0.333583333,GENUINE
717,Gardenscapes,0.019585138,GENUINE
718,Garena Free Fire,0.07115787,GENUINE
719,Garmin Connect‚Ñ¢,0.15480993,GENUINE
720,GasBuddy: Find Cheap Gas,0.272674288,GENUINE
721,Gay Sugar Daddy Dating & Hookup ‚Äì Sudy Gay,0.200868352,GENUINE
722,Gboard - the Google Keyboard,0.064586516,GENUINE
723,Gems or jewels ?,0.1402082,GENUINE
724,Genius Scan - PDF Scanner,0.243160676,GENUINE
725,Gmail,0.071383102,GENUINE
726,GoBank,0.039100828,GENUINE
727,GoPro (formerly Capture),-0.007790557,FRAUD
728,Goal Live Scores,0.176929058,GENUINE
729,Goibibo - Flight Hotel Bus Car IRCTC Booking App,0.412730374,GENUINE
730,Goku Wallpaper Art,0.464319728,GENUINE
731,Gold Butterfly Keyboard Theme,0.430822852,GENUINE
732,Golden Dictionary (EN-AR),0.34045045,GENUINE
733,Golden Launcher,0.507079346,GENUINE
734,Goldstar: Live Event Tickets,0.549266414,GENUINE
735,Golf Channel,-0.025728535,FRAUD
736,Golf GPS Rangefinder: Golf Pad,0.272632768,GENUINE
737,Golf GPS by SwingxSwing,0.204678551,GENUINE
738,GolfLogix GPS + Putt Breaks,-0.07843205,FRAUD
739,"GolfNow: Tee Time Deals at Golf Courses, Golf GPS",0.16830029,GENUINE
740,Golfshot Plus: Golf GPS,0.38617937,GENUINE
741,Golfshot: Golf GPS + Tee Times,0.344248864,GENUINE
742,GoodRx Drug Prices and Coupons,0.252471042,GENUINE
743,Google,0.260359469,GENUINE
744,Google Ads,0.139965337,GENUINE
745,Google Duo - High Quality Video Calls,0.285689815,GENUINE
746,Google Earth,0.094902055,GENUINE
747,Google Fit - Fitness Tracking,0.13005303,GENUINE
748,Google Handwriting Input,0.254108187,GENUINE
749,Google Keep,0.10001687,GENUINE
750,Google My Business,0.268436286,GENUINE
751,Google News,0.09391674,GENUINE
752,Google PDF Viewer,0.100410421,GENUINE
753,Google Pay,0.115687486,GENUINE
754,Google Photos,0.147509586,GENUINE
755,Google Primer,0.75,GENUINE
756,Google Slides,0.933333333,GENUINE
757,Google Street View,-0.5,FRAUD
758,Google Translate,0.214166667,GENUINE
759,Google Trips - Travel Planner,0.3,GENUINE
760,Google Voice,0.152479285,GENUINE
761,Google+,0.368055556,GENUINE
762,Granny,0.064623164,GENUINE
763,Graphing Calculator,0.245829817,GENUINE
764,Grim Soul: Dark Fantasy Survival,0.052306129,GENUINE
765,Groovebook Photo Books & Gifts,0.163921607,GENUINE
766,GroupMe,0.118440041,GENUINE
767,"Groupon - Shop Deals, Discounts & Coupons",0.285940735,GENUINE
768,Grubhub: Food Delivery,0.122739329,GENUINE
769,Guns of Glory,-0.142060426,FRAUD
770,Gyft - Mobile Gift Card Wallet,-0.033643553,FRAUD
771,H Pack,0.108242424,GENUINE
772,H TV,0.302115385,GENUINE
773,H&M,0.024472956,GENUINE
774,HBO GO: Stream with TV Package,-0.055652712,FRAUD
775,HD Camera,0,
776,HD Camera - Best Cam with filters & panorama,0.22337963,GENUINE
777,HD Camera - Quick Snap Photo & Video,0.455686275,GENUINE
778,HD Camera Pro for Android,0.076838235,GENUINE
779,HD Camera Ultra,0.154698669,GENUINE
780,HD Camera for Android,0.376191406,GENUINE
781,HD Movie Video Player,0.186015331,GENUINE
782,HD Video Player,0.197993421,GENUINE
783,HD Widgets,0.181817835,GENUINE
784,HDFC Bank MobileBanking,0.11144867,GENUINE
785,HESI A2 Pocket Prep,0.379146825,GENUINE
786,HISTORY: Watch TV Show Full Episodes & Specials,0.211278773,GENUINE
787,HTC Calendar,-0.037626263,FRAUD
788,HTC File Manager,0.088949014,GENUINE
789,HTC Gallery,0.031543995,GENUINE
790,HTC Help,0.106870213,GENUINE
791,HTC Lock Screen,0.031488188,GENUINE
792,HTC Mail,0.078747928,GENUINE
793,HTC Sense Input,0.024668155,GENUINE
794,HTC Sense Input-AR,0.287596354,GENUINE
795,HTC Service Ôºç DLNA,0.018377776,GENUINE
796,HTC Service‚ÄîVideo Player,0.031498869,GENUINE
797,HTC Social Plugin - Facebook,-0.051704965,FRAUD
798,HTC Speak,0.004105721,GENUINE
799,HTC Weather,0.067624831,GENUINE
800,Hacker's Keyboard,0.261371545,GENUINE
801,Hairstyles step by step,0.470913066,GENUINE
802,Hamilton ‚Äî The Official App,0.161047232,GENUINE
803,Hangouts,0.251503329,GENUINE
804,Happify,0.21889678,GENUINE
805,Happy Birthday Songs Offline,0.364705882,GENUINE
806,Happy Fruits Bomb - Cube Blast,0.023922799,GENUINE
807,Happy Street,0.053588818,GENUINE
808,Harkins Theatres,0.088644428,GENUINE
809,Harry Potter: Hogwarts Mystery,0.05756054,GENUINE
810,HauteLook,0.172085137,GENUINE
811,Hay Day,0.019572349,GENUINE
812,Haystack TV: Local & World News - Free,0.5295,GENUINE
813,Headspace: Meditation & Mindfulness,0.227007576,GENUINE
814,Health and Nutrition Guide,0.391510771,GENUINE
815,HealtheLife,0.063212302,GENUINE
816,Healthy Recipes Free,0.403393912,GENUINE
817,Helix Jump,0.09966548,GENUINE
818,Hello Kitty Lunchbox,-0.052718387,FRAUD
819,Hello Kitty Nail Salon,0.057448089,GENUINE
820,Hello Stars,0.168330372,GENUINE
821,"HelloTalk ‚Äî Chat, Speak & Learn Foreign Languages",0.202326389,GENUINE
822,Hero Hunters,-0.021667189,FRAUD
823,"Herpes Dating: 1,000K+ Singles",0.174108304,GENUINE
824,Herpes Positive Singles Dating,0.30665024,GENUINE
825,"Hide App, Private Dating, Safe Chat - PrivacyHider",-0.069639794,FRAUD
826,"Hide Something - Photo, Video",0.240710235,GENUINE
827,Hideman VPN,0.121646961,GENUINE
828,High Blood Pressure Symptoms,0.419533596,GENUINE
829,High-Powered Flashlight,0.338957298,GENUINE
830,"High-Speed Camera (GIF,Burst)",0.34845679,GENUINE
831,Hill Climb Racing,0.09099915,GENUINE
832,Hill Climb Racing 2,0.162140767,GENUINE
833,"Hily: Dating, Chat, Match, Meet & Hook up",0.033778595,GENUINE
834,Hinge: Dating & Relationships,0.156798802,GENUINE
835,HipChat - Chat Built for Teams,-0.037827877,FRAUD
836,Hipmunk Hotels & Flights,0.546301587,GENUINE
837,Hitwe - meet people and chat,-0.139456019,FRAUD
838,"Hole19: Golf GPS App, Rangefinder & Scorecard",0.443638262,GENUINE
839,Home Decor Showpiece Art making: Medium Difficulty,0.191866667,GENUINE
840,Home Scouting¬Æ MLS Mobile,0.090935809,GENUINE
841,Home Security Camera WardenCam - reuse old phones,0.201457362,GENUINE
842,Home Street ‚Äì Home Design Game,0.1163426,GENUINE
843,Home Workout - No Equipment,0.338351856,GENUINE
844,Home Workout for Men - Bodybuilding,0.523449519,GENUINE
845,"Home workouts - fat burning, abs, legs, arms,chest",0.448220486,GENUINE
846,HomeWork,1,GENUINE
847,"Homes.com üè† For Sale, Rent",0.238365801,GENUINE
848,Homescapes,0.038252644,GENUINE
849,Homesnap Real Estate & Rentals,0.276848002,GENUINE
850,Homestyler Interior Design & Decorating Ideas,0.17563054,GENUINE
851,Homework Planner,0.277523613,GENUINE
852,Honkai Impact 3rd,0.10148298,GENUINE
853,Hopper - Watch & Book Flights,0.17804421,GENUINE
854,Horoscopes ‚Äì Daily Zodiac Horoscope and Astrology,0.264314858,GENUINE
855,Horses Live Wallpaper,0.345458645,GENUINE
856,Hostelworld: Hostels & Cheap Hotels Travel App,0.253418478,GENUINE
857,Hot Wheels: Race Off,-0.008838898,FRAUD
858,HotelTonight: Book amazing deals at great hotels,0.328908058,GENUINE
859,Hotels Combined - Cheap deals,0.160785384,GENUINE
860,Hotels.com: Book Hotel Rooms & Find Vacation Deals,0.101622207,GENUINE
861,Hotspot Shield Free VPN Proxy & Wi-Fi Security,0.251764706,GENUINE
862,Hotstar,0.038177826,GENUINE
863,Hotwire Hotel & Car Rental App,0.187029446,GENUINE
864,Housing-Real Estate & Property,-0.021426982,FRAUD
